timestamp_utc,id,label,url,group,status,ms,error,region,severity
2026-07-06T01:19:09Z,ems-emp,EMS Employees,https://employees.ems.sentec.io,Sentec,200,363,,GitHub-Actions,elevated
2026-07-06T01:19:09Z,ems,EMS,https://ems.sentec.io,Sentec,200,367,,GitHub-Actions,elevated
2026-07-06T01:19:09Z,pms,PMS,https://pms.sentec.io,Sentec,200,394,,GitHub-Actions,elevated
2026-07-06T01:19:09Z,pos,POS,https://pos.sentec.io,Sentec,200,400,,GitHub-Actions,elevated
2026-07-06T01:19:09Z,cp-cloud,Whizcity Cloud,https://portal.whizcity.my,Car Park,200,597,,GitHub-Actions,slow
2026-07-06T01:19:09Z,ota-agoda,Agoda,https://www.agoda.com,Bookings,200,307,,GitHub-Actions,elevated
2026-07-06T01:19:09Z,ota-expedia,Expedia,https://www.expedia.com.my,Bookings,429,351,,GitHub-Actions,elevated
2026-07-06T01:19:09Z,ota-booking,Booking.com,https://www.booking.com,Bookings,202,394,,GitHub-Actions,elevated
2026-07-06T01:19:09Z,einv-api,e-Invoice API,https://api.myinvois.hasil.gov.my,eInvoice Prod,404,782,,GitHub-Actions,slow
2026-07-06T01:19:09Z,finance,Finance,https://finance.sentec.io,Sentec,200,785,,GitHub-Actions,slow
2026-07-06T01:19:09Z,einv-portal,e-Invoice Portal,https://myinvois.hasil.gov.my,eInvoice Prod,200,785,,GitHub-Actions,slow
2026-07-06T01:19:09Z,einv-api-pp,API (Sandbox),https://preprod-api.myinvois.hasil.gov.my,eInvoice Sandbox,404,786,,GitHub-Actions,slow
2026-07-06T01:19:09Z,einv-portal-pp,Portal (Sandbox),https://preprod.myinvois.hasil.gov.my,eInvoice Sandbox,200,787,,GitHub-Actions,slow
2026-07-06T01:19:09Z,einv-id-pp,Identity (Sandbox),https://preprod-identity.myinvois.hasil.gov.my,eInvoice Sandbox,404,786,,GitHub-Actions,slow
2026-07-06T01:19:09Z,cp-cloud-api,Parking API,https://portal.whizcity.my/discount/app/login,Car Park,405,580,,GitHub-Actions,slow
2026-07-06T01:19:09Z,soc-ta,TripAdvisor,https://www.tripadvisor.com.my,Social,403,209,,GitHub-Actions,elevated
2026-07-06T01:19:09Z,soc-ig,Instagram,https://www.instagram.com,Social,200,272,,GitHub-Actions,elevated
2026-07-06T01:19:09Z,soc-fb,Facebook,https://www.facebook.com,Social,200,328,,GitHub-Actions,elevated
2026-07-06T01:19:09Z,ota-airbnb,Airbnb,https://www.airbnb.com,Bookings,200,390,,GitHub-Actions,elevated
2026-07-06T01:19:09Z,isp-time,TIME dotCom,https://www.time.com.my,Malaysia,403,92,,GitHub-Actions,fast
2026-07-06T01:19:09Z,soc-tt,TikTok,https://www.tiktok.com,Social,200,349,,GitHub-Actions,elevated
2026-07-06T01:19:09Z,einv-id,e-Invoice Identity,https://identity.myinvois.hasil.gov.my,eInvoice Prod,404,1131,,GitHub-Actions,slow
2026-07-06T01:19:09Z,soc-wa,WhatsApp Web,https://web.whatsapp.com,Social,200,382,,GitHub-Actions,elevated
2026-07-06T01:19:09Z,gl-google,Google,https://www.google.com,Global,200,126,,GitHub-Actions,elevated
2026-07-06T01:19:09Z,gl-cf,Cloudflare,https://www.cloudflare.com,Global,200,262,,GitHub-Actions,elevated
2026-07-06T01:19:09Z,fnb-panda,foodpanda,https://www.foodpanda.my,F&B,200,804,,GitHub-Actions,slow
2026-07-06T01:19:09Z,isp-digi,CelcomDigi,https://www.celcomdigi.com,Malaysia,200,630,,GitHub-Actions,slow
2026-07-06T01:19:09Z,fnb-grab,GrabFood,https://food.grab.com,F&B,200,959,,GitHub-Actions,slow
2026-07-06T01:19:09Z,ota-trip,Trip.com,https://www.trip.com,Bookings,200,1342,,GitHub-Actions,slow
2026-07-06T01:19:09Z,my-gov,MyGov,https://www.malaysia.gov.my,Malaysia,200,1559,,GitHub-Actions,slow
2026-07-06T01:19:09Z,my-lhdn,LHDN (Hasil),https://www.hasil.gov.my,Malaysia,200,1620,,GitHub-Actions,slow
2026-07-06T01:19:09Z,isp-umob,U Mobile,https://www.u.com.my,Malaysia,200,1777,,GitHub-Actions,slow
2026-07-06T01:19:09Z,isp-maxis,Maxis,https://www.maxis.com.my,Malaysia,200,1990,,GitHub-Actions,slow
2026-07-06T01:19:09Z,isp-tm,TM / Unifi,https://www.unifi.com.my,Malaysia,200,2552,,GitHub-Actions,slow
2026-07-06T01:19:09Z,my-bank,Maybank,https://www.maybank2u.com.my,Malaysia,0,12178,The read operation timed out,GitHub-Actions,critical
2026-07-06T05:49:02Z,finance,Finance,https://finance.sentec.io,Sentec,200,124,,GitHub-Actions,elevated
2026-07-06T05:49:02Z,pms,PMS,https://pms.sentec.io,Sentec,200,205,,GitHub-Actions,elevated
2026-07-06T05:49:02Z,ems,EMS,https://ems.sentec.io,Sentec,200,328,,GitHub-Actions,elevated
2026-07-06T05:49:02Z,ems-emp,EMS Employees,https://employees.ems.sentec.io,Sentec,200,372,,GitHub-Actions,elevated
2026-07-06T05:49:02Z,pos,POS,https://pos.sentec.io,Sentec,200,391,,GitHub-Actions,elevated
2026-07-06T05:49:02Z,ota-booking,Booking.com,https://www.booking.com,Bookings,202,252,,GitHub-Actions,elevated
2026-07-06T05:49:02Z,ota-expedia,Expedia,https://www.expedia.com.my,Bookings,429,211,,GitHub-Actions,elevated
2026-07-06T05:49:02Z,ota-agoda,Agoda,https://www.agoda.com,Bookings,200,281,,GitHub-Actions,elevated
2026-07-06T05:49:02Z,ota-airbnb,Airbnb,https://www.airbnb.com,Bookings,200,298,,GitHub-Actions,elevated
2026-07-06T05:49:02Z,cp-cloud,Whizcity Cloud,https://portal.whizcity.my,Car Park,200,754,,GitHub-Actions,slow
2026-07-06T05:49:02Z,soc-fb,Facebook,https://www.facebook.com,Social,200,200,,GitHub-Actions,elevated
2026-07-06T05:49:02Z,soc-ig,Instagram,https://www.instagram.com,Social,200,195,,GitHub-Actions,elevated
2026-07-06T05:49:02Z,cp-cloud-api,Parking API,https://portal.whizcity.my/discount/app/login,Car Park,405,743,,GitHub-Actions,slow
2026-07-06T05:49:02Z,soc-tt,TikTok,https://www.tiktok.com,Social,200,236,,GitHub-Actions,elevated
2026-07-06T05:49:02Z,einv-api,e-Invoice API,https://api.myinvois.hasil.gov.my,eInvoice Prod,404,993,,GitHub-Actions,slow
2026-07-06T05:49:02Z,einv-id,e-Invoice Identity,https://identity.myinvois.hasil.gov.my,eInvoice Prod,404,1001,,GitHub-Actions,slow
2026-07-06T05:49:02Z,einv-api-pp,API (Sandbox),https://preprod-api.myinvois.hasil.gov.my,eInvoice Sandbox,404,1005,,GitHub-Actions,slow
2026-07-06T05:49:02Z,einv-portal,e-Invoice Portal,https://myinvois.hasil.gov.my,eInvoice Prod,200,1011,,GitHub-Actions,slow
2026-07-06T05:49:02Z,einv-id-pp,Identity (Sandbox),https://preprod-identity.myinvois.hasil.gov.my,eInvoice Sandbox,404,1012,,GitHub-Actions,slow
2026-07-06T05:49:02Z,einv-portal-pp,Portal (Sandbox),https://preprod.myinvois.hasil.gov.my,eInvoice Sandbox,200,1036,,GitHub-Actions,slow
2026-07-06T05:49:02Z,soc-wa,WhatsApp Web,https://web.whatsapp.com,Social,200,315,,GitHub-Actions,elevated
2026-07-06T05:49:02Z,isp-time,TIME dotCom,https://www.time.com.my,Malaysia,403,73,,GitHub-Actions,fast
2026-07-06T05:49:02Z,gl-google,Google,https://www.google.com,Global,200,44,,GitHub-Actions,fast
2026-07-06T05:49:02Z,fnb-grab,GrabFood,https://food.grab.com,F&B,200,343,,GitHub-Actions,elevated
2026-07-06T05:49:02Z,soc-ta,TripAdvisor,https://www.tripadvisor.com.my,Social,403,397,,GitHub-Actions,elevated
2026-07-06T05:49:02Z,fnb-panda,foodpanda,https://www.foodpanda.my,F&B,200,552,,GitHub-Actions,slow
2026-07-06T05:49:02Z,gl-cf,Cloudflare,https://www.cloudflare.com,Global,200,347,,GitHub-Actions,elevated
2026-07-06T05:49:02Z,isp-digi,CelcomDigi,https://www.celcomdigi.com,Malaysia,200,609,,GitHub-Actions,slow
2026-07-06T05:49:02Z,my-gov,MyGov,https://www.malaysia.gov.my,Malaysia,200,1640,,GitHub-Actions,slow
2026-07-06T05:49:02Z,my-lhdn,LHDN (Hasil),https://www.hasil.gov.my,Malaysia,200,1932,,GitHub-Actions,slow
2026-07-06T05:49:02Z,isp-umob,U Mobile,https://www.u.com.my,Malaysia,200,2170,,GitHub-Actions,slow
2026-07-06T05:49:02Z,isp-maxis,Maxis,https://www.maxis.com.my,Malaysia,200,2220,,GitHub-Actions,slow
2026-07-06T05:49:02Z,isp-tm,TM / Unifi,https://www.unifi.com.my,Malaysia,200,2373,,GitHub-Actions,slow
2026-07-06T05:49:02Z,ota-trip,Trip.com,https://www.trip.com,Bookings,200,9630,,GitHub-Actions,critical
2026-07-06T05:49:02Z,my-bank,Maybank,https://www.maybank2u.com.my,Malaysia,0,12083,The read operation timed out,GitHub-Actions,critical
2026-07-06T10:00:50Z,pms,PMS,https://pms.sentec.io,Sentec,200,231,,GitHub-Actions,elevated
2026-07-06T10:00:50Z,finance,Finance,https://finance.sentec.io,Sentec,200,247,,GitHub-Actions,elevated
2026-07-06T10:00:50Z,pos,POS,https://pos.sentec.io,Sentec,200,299,,GitHub-Actions,elevated
2026-07-06T10:00:50Z,ems,EMS,https://ems.sentec.io,Sentec,200,302,,GitHub-Actions,elevated
2026-07-06T10:00:50Z,ems-emp,EMS Employees,https://employees.ems.sentec.io,Sentec,200,391,,GitHub-Actions,elevated
2026-07-06T10:00:50Z,ota-agoda,Agoda,https://www.agoda.com,Bookings,200,140,,GitHub-Actions,elevated
2026-07-06T10:00:50Z,ota-booking,Booking.com,https://www.booking.com,Bookings,202,208,,GitHub-Actions,elevated
2026-07-06T10:00:50Z,soc-fb,Facebook,https://www.facebook.com,Social,200,116,,GitHub-Actions,elevated
2026-07-06T10:00:50Z,ota-expedia,Expedia,https://www.expedia.com.my,Bookings,429,343,,GitHub-Actions,elevated
2026-07-06T10:00:50Z,ota-airbnb,Airbnb,https://www.airbnb.com,Bookings,200,296,,GitHub-Actions,elevated
2026-07-06T10:00:50Z,cp-cloud,Whizcity Cloud,https://portal.whizcity.my,Car Park,200,748,,GitHub-Actions,slow
2026-07-06T10:00:50Z,soc-ig,Instagram,https://www.instagram.com,Social,200,226,,GitHub-Actions,elevated
2026-07-06T10:00:50Z,soc-tt,TikTok,https://www.tiktok.com,Social,200,180,,GitHub-Actions,elevated
2026-07-06T10:00:50Z,soc-wa,WhatsApp Web,https://web.whatsapp.com,Social,200,108,,GitHub-Actions,elevated
2026-07-06T10:00:50Z,cp-cloud-api,Parking API,https://portal.whizcity.my/discount/app/login,Car Park,405,733,,GitHub-Actions,slow
2026-07-06T10:00:50Z,einv-api-pp,API (Sandbox),https://preprod-api.myinvois.hasil.gov.my,eInvoice Sandbox,404,984,,GitHub-Actions,slow
2026-07-06T10:00:50Z,einv-portal-pp,Portal (Sandbox),https://preprod.myinvois.hasil.gov.my,eInvoice Sandbox,200,990,,GitHub-Actions,slow
2026-07-06T10:00:50Z,einv-portal,e-Invoice Portal,https://myinvois.hasil.gov.my,eInvoice Prod,200,1010,,GitHub-Actions,slow
2026-07-06T10:00:50Z,einv-id-pp,Identity (Sandbox),https://preprod-identity.myinvois.hasil.gov.my,eInvoice Sandbox,404,1008,,GitHub-Actions,slow
2026-07-06T10:00:50Z,einv-id,e-Invoice Identity,https://identity.myinvois.hasil.gov.my,eInvoice Prod,404,1014,,GitHub-Actions,slow
2026-07-06T10:00:50Z,einv-api,e-Invoice API,https://api.myinvois.hasil.gov.my,eInvoice Prod,404,1047,,GitHub-Actions,slow
2026-07-06T10:00:50Z,soc-ta,TripAdvisor,https://www.tripadvisor.com.my,Social,403,302,,GitHub-Actions,elevated
2026-07-06T10:00:50Z,isp-time,TIME dotCom,https://www.time.com.my,Malaysia,403,68,,GitHub-Actions,fast
2026-07-06T10:00:50Z,fnb-grab,GrabFood,https://food.grab.com,F&B,200,273,,GitHub-Actions,elevated
2026-07-06T10:00:50Z,gl-google,Google,https://www.google.com,Global,200,51,,GitHub-Actions,fast
2026-07-06T10:00:50Z,gl-cf,Cloudflare,https://www.cloudflare.com,Global,200,215,,GitHub-Actions,elevated
2026-07-06T10:00:50Z,ota-trip,Trip.com,https://www.trip.com,Bookings,200,1102,,GitHub-Actions,slow
2026-07-06T10:00:50Z,isp-digi,CelcomDigi,https://www.celcomdigi.com,Malaysia,200,719,,GitHub-Actions,slow
2026-07-06T10:00:50Z,fnb-panda,foodpanda,https://www.foodpanda.my,F&B,200,1286,,GitHub-Actions,slow
2026-07-06T10:00:50Z,my-gov,MyGov,https://www.malaysia.gov.my,Malaysia,200,1127,,GitHub-Actions,slow
2026-07-06T10:00:50Z,my-lhdn,LHDN (Hasil),https://www.hasil.gov.my,Malaysia,200,2017,,GitHub-Actions,slow
2026-07-06T10:00:50Z,isp-umob,U Mobile,https://www.u.com.my,Malaysia,200,2141,,GitHub-Actions,slow
2026-07-06T10:00:50Z,isp-maxis,Maxis,https://www.maxis.com.my,Malaysia,200,2258,,GitHub-Actions,slow
2026-07-06T10:00:50Z,isp-tm,TM / Unifi,https://www.unifi.com.my,Malaysia,200,2421,,GitHub-Actions,slow
2026-07-06T10:00:50Z,my-bank,Maybank,https://www.maybank2u.com.my,Malaysia,0,12094,The read operation timed out,GitHub-Actions,critical
2026-07-06T14:04:27Z,pms,PMS,https://pms.sentec.io,Sentec,200,191,,GitHub-Actions,elevated
2026-07-06T14:04:27Z,ems-emp,EMS Employees,https://employees.ems.sentec.io,Sentec,200,278,,GitHub-Actions,elevated
2026-07-06T14:04:27Z,pos,POS,https://pos.sentec.io,Sentec,200,335,,GitHub-Actions,elevated
2026-07-06T14:04:27Z,ems,EMS,https://ems.sentec.io,Sentec,200,353,,GitHub-Actions,elevated
2026-07-06T14:04:27Z,ota-expedia,Expedia,https://www.expedia.com.my,Bookings,429,217,,GitHub-Actions,elevated
2026-07-06T14:04:27Z,ota-booking,Booking.com,https://www.booking.com,Bookings,202,364,,GitHub-Actions,elevated
2026-07-06T14:04:27Z,ota-agoda,Agoda,https://www.agoda.com,Bookings,200,310,,GitHub-Actions,elevated
2026-07-06T14:04:27Z,cp-cloud,Whizcity Cloud,https://portal.whizcity.my,Car Park,200,662,,GitHub-Actions,slow
2026-07-06T14:04:27Z,finance,Finance,https://finance.sentec.io,Sentec,200,714,,GitHub-Actions,slow
2026-07-06T14:04:27Z,soc-fb,Facebook,https://www.facebook.com,Social,200,110,,GitHub-Actions,elevated
2026-07-06T14:04:27Z,soc-ig,Instagram,https://www.instagram.com,Social,200,173,,GitHub-Actions,elevated
2026-07-06T14:04:27Z,cp-cloud-api,Parking API,https://portal.whizcity.my/discount/app/login,Car Park,405,655,,GitHub-Actions,slow
2026-07-06T14:04:27Z,einv-id-pp,Identity (Sandbox),https://preprod-identity.myinvois.hasil.gov.my,eInvoice Sandbox,404,860,,GitHub-Actions,slow
2026-07-06T14:04:27Z,soc-wa,WhatsApp Web,https://web.whatsapp.com,Social,200,116,,GitHub-Actions,elevated
2026-07-06T14:04:27Z,einv-api,e-Invoice API,https://api.myinvois.hasil.gov.my,eInvoice Prod,404,900,,GitHub-Actions,slow
2026-07-06T14:04:27Z,einv-id,e-Invoice Identity,https://identity.myinvois.hasil.gov.my,eInvoice Prod,404,901,,GitHub-Actions,slow
2026-07-06T14:04:27Z,einv-portal,e-Invoice Portal,https://myinvois.hasil.gov.my,eInvoice Prod,200,919,,GitHub-Actions,slow
2026-07-06T14:04:27Z,einv-api-pp,API (Sandbox),https://preprod-api.myinvois.hasil.gov.my,eInvoice Sandbox,404,922,,GitHub-Actions,slow
2026-07-06T14:04:27Z,einv-portal-pp,Portal (Sandbox),https://preprod.myinvois.hasil.gov.my,eInvoice Sandbox,200,925,,GitHub-Actions,slow
2026-07-06T14:04:27Z,isp-time,TIME dotCom,https://www.time.com.my,Malaysia,403,51,,GitHub-Actions,fast
2026-07-06T14:04:27Z,soc-ta,TripAdvisor,https://www.tripadvisor.com.my,Social,403,210,,GitHub-Actions,elevated
2026-07-06T14:04:27Z,soc-tt,TikTok,https://www.tiktok.com,Social,200,343,,GitHub-Actions,elevated
2026-07-06T14:04:27Z,ota-airbnb,Airbnb,https://www.airbnb.com,Bookings,200,484,,GitHub-Actions,elevated
2026-07-06T14:04:27Z,gl-google,Google,https://www.google.com,Global,200,78,,GitHub-Actions,fast
2026-07-06T14:04:27Z,fnb-grab,GrabFood,https://food.grab.com,F&B,200,331,,GitHub-Actions,elevated
2026-07-06T14:04:27Z,gl-cf,Cloudflare,https://www.cloudflare.com,Global,200,193,,GitHub-Actions,elevated
2026-07-06T14:04:27Z,isp-digi,CelcomDigi,https://www.celcomdigi.com,Malaysia,200,591,,GitHub-Actions,slow
2026-07-06T14:04:27Z,ota-trip,Trip.com,https://www.trip.com,Bookings,200,1051,,GitHub-Actions,slow
2026-07-06T14:04:27Z,fnb-panda,foodpanda,https://www.foodpanda.my,F&B,200,1264,,GitHub-Actions,slow
2026-07-06T14:04:27Z,my-gov,MyGov,https://www.malaysia.gov.my,Malaysia,200,1638,,GitHub-Actions,slow
2026-07-06T14:04:27Z,my-lhdn,LHDN (Hasil),https://www.hasil.gov.my,Malaysia,200,1895,,GitHub-Actions,slow
2026-07-06T14:04:27Z,isp-maxis,Maxis,https://www.maxis.com.my,Malaysia,200,2024,,GitHub-Actions,slow
2026-07-06T14:04:27Z,isp-umob,U Mobile,https://www.u.com.my,Malaysia,200,2366,,GitHub-Actions,slow
2026-07-06T14:04:27Z,isp-tm,TM / Unifi,https://www.unifi.com.my,Malaysia,200,2422,,GitHub-Actions,slow
2026-07-06T14:04:27Z,my-bank,Maybank,https://www.maybank2u.com.my,Malaysia,0,12159,The read operation timed out,GitHub-Actions,critical
2026-07-06T17:18:54Z,finance,Finance,https://finance.sentec.io,Sentec,200,228,,GitHub-Actions,elevated
2026-07-06T17:18:54Z,ems,EMS,https://ems.sentec.io,Sentec,200,405,,GitHub-Actions,elevated
2026-07-06T17:18:54Z,ems-emp,EMS Employees,https://employees.ems.sentec.io,Sentec,200,419,,GitHub-Actions,elevated
2026-07-06T17:18:54Z,pms,PMS,https://pms.sentec.io,Sentec,200,446,,GitHub-Actions,elevated
2026-07-06T17:18:54Z,pos,POS,https://pos.sentec.io,Sentec,200,461,,GitHub-Actions,elevated
2026-07-06T17:18:54Z,ota-agoda,Agoda,https://www.agoda.com,Bookings,200,146,,GitHub-Actions,elevated
2026-07-06T17:18:54Z,ota-expedia,Expedia,https://www.expedia.com.my,Bookings,429,168,,GitHub-Actions,elevated
2026-07-06T17:18:54Z,ota-booking,Booking.com,https://www.booking.com,Bookings,202,291,,GitHub-Actions,elevated
2026-07-06T17:18:54Z,cp-cloud,Whizcity Cloud,https://portal.whizcity.my,Car Park,200,726,,GitHub-Actions,slow
2026-07-06T17:18:54Z,soc-fb,Facebook,https://www.facebook.com,Social,200,182,,GitHub-Actions,elevated
2026-07-06T17:18:54Z,soc-wa,WhatsApp Web,https://web.whatsapp.com,Social,200,108,,GitHub-Actions,elevated
2026-07-06T17:18:54Z,ota-airbnb,Airbnb,https://www.airbnb.com,Bookings,200,342,,GitHub-Actions,elevated
2026-07-06T17:18:54Z,soc-ig,Instagram,https://www.instagram.com,Social,200,228,,GitHub-Actions,elevated
2026-07-06T17:18:54Z,soc-tt,TikTok,https://www.tiktok.com,Social,200,201,,GitHub-Actions,elevated
2026-07-06T17:18:54Z,einv-id-pp,Identity (Sandbox),https://preprod-identity.myinvois.hasil.gov.my,eInvoice Sandbox,404,929,,GitHub-Actions,slow
2026-07-06T17:18:54Z,einv-api,e-Invoice API,https://api.myinvois.hasil.gov.my,eInvoice Prod,404,943,,GitHub-Actions,slow
2026-07-06T17:18:54Z,cp-cloud-api,Parking API,https://portal.whizcity.my/discount/app/login,Car Park,405,727,,GitHub-Actions,slow
2026-07-06T17:18:54Z,einv-portal-pp,Portal (Sandbox),https://preprod.myinvois.hasil.gov.my,eInvoice Sandbox,200,991,,GitHub-Actions,slow
2026-07-06T17:18:54Z,einv-portal,e-Invoice Portal,https://myinvois.hasil.gov.my,eInvoice Prod,200,1010,,GitHub-Actions,slow
2026-07-06T17:18:54Z,einv-id,e-Invoice Identity,https://identity.myinvois.hasil.gov.my,eInvoice Prod,404,1026,,GitHub-Actions,slow
2026-07-06T17:18:54Z,isp-time,TIME dotCom,https://www.time.com.my,Malaysia,403,79,,GitHub-Actions,fast
2026-07-06T17:18:54Z,fnb-grab,GrabFood,https://food.grab.com,F&B,200,274,,GitHub-Actions,elevated
2026-07-06T17:18:54Z,soc-ta,TripAdvisor,https://www.tripadvisor.com.my,Social,403,295,,GitHub-Actions,elevated
2026-07-06T17:18:54Z,gl-google,Google,https://www.google.com,Global,200,45,,GitHub-Actions,fast
2026-07-06T17:18:54Z,einv-api-pp,API (Sandbox),https://preprod-api.myinvois.hasil.gov.my,eInvoice Sandbox,404,1304,,GitHub-Actions,slow
2026-07-06T17:18:54Z,fnb-panda,foodpanda,https://www.foodpanda.my,F&B,200,560,,GitHub-Actions,slow
2026-07-06T17:18:54Z,gl-cf,Cloudflare,https://www.cloudflare.com,Global,200,307,,GitHub-Actions,elevated
2026-07-06T17:18:54Z,isp-digi,CelcomDigi,https://www.celcomdigi.com,Malaysia,200,611,,GitHub-Actions,slow
2026-07-06T17:18:54Z,ota-trip,Trip.com,https://www.trip.com,Bookings,200,1240,,GitHub-Actions,slow
2026-07-06T17:18:54Z,my-gov,MyGov,https://www.malaysia.gov.my,Malaysia,200,1547,,GitHub-Actions,slow
2026-07-06T17:18:54Z,my-lhdn,LHDN (Hasil),https://www.hasil.gov.my,Malaysia,200,2058,,GitHub-Actions,slow
2026-07-06T17:18:54Z,isp-umob,U Mobile,https://www.u.com.my,Malaysia,200,2119,,GitHub-Actions,slow
2026-07-06T17:18:54Z,isp-maxis,Maxis,https://www.maxis.com.my,Malaysia,200,2400,,GitHub-Actions,slow
2026-07-06T17:18:54Z,isp-tm,TM / Unifi,https://www.unifi.com.my,Malaysia,200,2650,,GitHub-Actions,slow
2026-07-06T17:18:54Z,my-bank,Maybank,https://www.maybank2u.com.my,Malaysia,0,12092,The read operation timed out,GitHub-Actions,critical
2026-07-06T19:13:23Z,pms,PMS,https://pms.sentec.io,Sentec,200,230,,GitHub-Actions,elevated
2026-07-06T19:13:23Z,ems-emp,EMS Employees,https://employees.ems.sentec.io,Sentec,200,334,,GitHub-Actions,elevated
2026-07-06T19:13:23Z,ems,EMS,https://ems.sentec.io,Sentec,200,370,,GitHub-Actions,elevated
2026-07-06T19:13:23Z,pos,POS,https://pos.sentec.io,Sentec,200,395,,GitHub-Actions,elevated
2026-07-06T19:13:23Z,ota-agoda,Agoda,https://www.agoda.com,Bookings,200,180,,GitHub-Actions,elevated
2026-07-06T19:13:23Z,ota-expedia,Expedia,https://www.expedia.com.my,Bookings,429,183,,GitHub-Actions,elevated
2026-07-06T19:13:23Z,ota-booking,Booking.com,https://www.booking.com,Bookings,202,296,,GitHub-Actions,elevated
2026-07-06T19:13:23Z,cp-cloud,Whizcity Cloud,https://portal.whizcity.my,Car Park,200,755,,GitHub-Actions,slow
2026-07-06T19:13:23Z,finance,Finance,https://finance.sentec.io,Sentec,200,776,,GitHub-Actions,slow
2026-07-06T19:13:23Z,soc-fb,Facebook,https://www.facebook.com,Social,200,201,,GitHub-Actions,elevated
2026-07-06T19:13:23Z,ota-airbnb,Airbnb,https://www.airbnb.com,Bookings,200,280,,GitHub-Actions,elevated
2026-07-06T19:13:23Z,einv-api,e-Invoice API,https://api.myinvois.hasil.gov.my,eInvoice Prod,404,949,,GitHub-Actions,slow
2026-07-06T19:13:23Z,soc-ig,Instagram,https://www.instagram.com,Social,200,208,,GitHub-Actions,elevated
2026-07-06T19:13:23Z,cp-cloud-api,Parking API,https://portal.whizcity.my/discount/app/login,Car Park,405,757,,GitHub-Actions,slow
2026-07-06T19:13:23Z,einv-id,e-Invoice Identity,https://identity.myinvois.hasil.gov.my,eInvoice Prod,404,989,,GitHub-Actions,slow
2026-07-06T19:13:23Z,einv-portal-pp,Portal (Sandbox),https://preprod.myinvois.hasil.gov.my,eInvoice Sandbox,200,1015,,GitHub-Actions,slow
2026-07-06T19:13:23Z,einv-portal,e-Invoice Portal,https://myinvois.hasil.gov.my,eInvoice Prod,200,1031,,GitHub-Actions,slow
2026-07-06T19:13:23Z,soc-wa,WhatsApp Web,https://web.whatsapp.com,Social,200,213,,GitHub-Actions,elevated
2026-07-06T19:13:23Z,einv-id-pp,Identity (Sandbox),https://preprod-identity.myinvois.hasil.gov.my,eInvoice Sandbox,404,1051,,GitHub-Actions,slow
2026-07-06T19:13:23Z,einv-api-pp,API (Sandbox),https://preprod-api.myinvois.hasil.gov.my,eInvoice Sandbox,404,1062,,GitHub-Actions,slow
2026-07-06T19:13:23Z,isp-time,TIME dotCom,https://www.time.com.my,Malaysia,403,115,,GitHub-Actions,elevated
2026-07-06T19:13:23Z,soc-ta,TripAdvisor,https://www.tripadvisor.com.my,Social,403,310,,GitHub-Actions,elevated
2026-07-06T19:13:23Z,gl-google,Google,https://www.google.com,Global,200,56,,GitHub-Actions,fast
2026-07-06T19:13:23Z,soc-tt,TikTok,https://www.tiktok.com,Social,200,464,,GitHub-Actions,elevated
2026-07-06T19:13:23Z,fnb-grab,GrabFood,https://food.grab.com,F&B,200,363,,GitHub-Actions,elevated
2026-07-06T19:13:23Z,isp-digi,CelcomDigi,https://www.celcomdigi.com,Malaysia,200,363,,GitHub-Actions,elevated
2026-07-06T19:13:23Z,ota-trip,Trip.com,https://www.trip.com,Bookings,200,950,,GitHub-Actions,slow
2026-07-06T19:13:23Z,gl-cf,Cloudflare,https://www.cloudflare.com,Global,200,383,,GitHub-Actions,elevated
2026-07-06T19:13:23Z,fnb-panda,foodpanda,https://www.foodpanda.my,F&B,200,791,,GitHub-Actions,slow
2026-07-06T19:13:23Z,my-gov,MyGov,https://www.malaysia.gov.my,Malaysia,200,1461,,GitHub-Actions,slow
2026-07-06T19:13:23Z,my-lhdn,LHDN (Hasil),https://www.hasil.gov.my,Malaysia,200,1955,,GitHub-Actions,slow
2026-07-06T19:13:23Z,isp-umob,U Mobile,https://www.u.com.my,Malaysia,200,2160,,GitHub-Actions,slow
2026-07-06T19:13:23Z,isp-maxis,Maxis,https://www.maxis.com.my,Malaysia,200,2301,,GitHub-Actions,slow
2026-07-06T19:13:23Z,isp-tm,TM / Unifi,https://www.unifi.com.my,Malaysia,200,2574,,GitHub-Actions,slow
2026-07-06T19:13:23Z,my-bank,Maybank,https://www.maybank2u.com.my,Malaysia,0,12084,The read operation timed out,GitHub-Actions,critical
2026-07-06T21:08:39Z,ems-emp,EMS Employees,https://employees.ems.sentec.io,Sentec,200,281,,GitHub-Actions,elevated
2026-07-06T21:08:39Z,pms,PMS,https://pms.sentec.io,Sentec,200,324,,GitHub-Actions,elevated
2026-07-06T21:08:39Z,ems,EMS,https://ems.sentec.io,Sentec,200,337,,GitHub-Actions,elevated
2026-07-06T21:08:39Z,finance,Finance,https://finance.sentec.io,Sentec,200,368,,GitHub-Actions,elevated
2026-07-06T21:08:39Z,pos,POS,https://pos.sentec.io,Sentec,200,403,,GitHub-Actions,elevated
2026-07-06T21:08:39Z,ota-agoda,Agoda,https://www.agoda.com,Bookings,200,154,,GitHub-Actions,elevated
2026-07-06T21:08:39Z,cp-cloud,Whizcity Cloud,https://portal.whizcity.my,Car Park,200,547,,GitHub-Actions,slow
2026-07-06T21:08:39Z,ota-expedia,Expedia,https://www.expedia.com.my,Bookings,429,215,,GitHub-Actions,elevated
2026-07-06T21:08:39Z,ota-booking,Booking.com,https://www.booking.com,Bookings,202,279,,GitHub-Actions,elevated
2026-07-06T21:08:39Z,einv-api,e-Invoice API,https://api.myinvois.hasil.gov.my,eInvoice Prod,404,732,,GitHub-Actions,slow
2026-07-06T21:08:39Z,einv-api-pp,API (Sandbox),https://preprod-api.myinvois.hasil.gov.my,eInvoice Sandbox,404,737,,GitHub-Actions,slow
2026-07-06T21:08:39Z,einv-portal,e-Invoice Portal,https://myinvois.hasil.gov.my,eInvoice Prod,200,749,,GitHub-Actions,slow
2026-07-06T21:08:39Z,einv-portal-pp,Portal (Sandbox),https://preprod.myinvois.hasil.gov.my,eInvoice Sandbox,200,749,,GitHub-Actions,slow
2026-07-06T21:08:39Z,einv-id,e-Invoice Identity,https://identity.myinvois.hasil.gov.my,eInvoice Prod,404,753,,GitHub-Actions,slow
2026-07-06T21:08:39Z,einv-id-pp,Identity (Sandbox),https://preprod-identity.myinvois.hasil.gov.my,eInvoice Sandbox,404,756,,GitHub-Actions,slow
2026-07-06T21:08:39Z,ota-airbnb,Airbnb,https://www.airbnb.com,Bookings,200,301,,GitHub-Actions,elevated
2026-07-06T21:08:39Z,cp-cloud-api,Parking API,https://portal.whizcity.my/discount/app/login,Car Park,405,539,,GitHub-Actions,slow
2026-07-06T21:08:39Z,isp-time,TIME dotCom,https://www.time.com.my,Malaysia,403,28,,GitHub-Actions,fast
2026-07-06T21:08:39Z,soc-ta,TripAdvisor,https://www.tripadvisor.com.my,Social,403,110,,GitHub-Actions,elevated
2026-07-06T21:08:39Z,soc-fb,Facebook,https://www.facebook.com,Social,200,325,,GitHub-Actions,elevated
2026-07-06T21:08:39Z,soc-ig,Instagram,https://www.instagram.com,Social,200,339,,GitHub-Actions,elevated
2026-07-06T21:08:39Z,soc-tt,TikTok,https://www.tiktok.com,Social,200,324,,GitHub-Actions,elevated
2026-07-06T21:08:39Z,gl-google,Google,https://www.google.com,Global,200,82,,GitHub-Actions,fast
2026-07-06T21:08:39Z,soc-wa,WhatsApp Web,https://web.whatsapp.com,Social,200,284,,GitHub-Actions,elevated
2026-07-06T21:08:39Z,gl-cf,Cloudflare,https://www.cloudflare.com,Global,200,188,,GitHub-Actions,elevated
2026-07-06T21:08:39Z,isp-digi,CelcomDigi,https://www.celcomdigi.com,Malaysia,200,461,,GitHub-Actions,elevated
2026-07-06T21:08:39Z,ota-trip,Trip.com,https://www.trip.com,Bookings,200,1023,,GitHub-Actions,slow
2026-07-06T21:08:39Z,fnb-grab,GrabFood,https://food.grab.com,F&B,200,828,,GitHub-Actions,slow
2026-07-06T21:08:39Z,fnb-panda,foodpanda,https://www.foodpanda.my,F&B,200,1005,,GitHub-Actions,slow
2026-07-06T21:08:39Z,my-gov,MyGov,https://www.malaysia.gov.my,Malaysia,200,918,,GitHub-Actions,slow
2026-07-06T21:08:39Z,isp-maxis,Maxis,https://www.maxis.com.my,Malaysia,200,1239,,GitHub-Actions,slow
2026-07-06T21:08:39Z,my-lhdn,LHDN (Hasil),https://www.hasil.gov.my,Malaysia,200,1405,,GitHub-Actions,slow
2026-07-06T21:08:39Z,isp-umob,U Mobile,https://www.u.com.my,Malaysia,200,1622,,GitHub-Actions,slow
2026-07-06T21:08:39Z,isp-tm,TM / Unifi,https://www.unifi.com.my,Malaysia,200,2338,,GitHub-Actions,slow
2026-07-06T21:08:39Z,my-bank,Maybank,https://www.maybank2u.com.my,Malaysia,0,12043,The read operation timed out,GitHub-Actions,critical
2026-07-06T22:44:15Z,pms,PMS,https://pms.sentec.io,Sentec,200,222,,GitHub-Actions,elevated
2026-07-06T22:44:15Z,pos,POS,https://pos.sentec.io,Sentec,200,327,,GitHub-Actions,elevated
2026-07-06T22:44:15Z,ems-emp,EMS Employees,https://employees.ems.sentec.io,Sentec,200,349,,GitHub-Actions,elevated
2026-07-06T22:44:15Z,ems,EMS,https://ems.sentec.io,Sentec,200,367,,GitHub-Actions,elevated
2026-07-06T22:44:15Z,ota-expedia,Expedia,https://www.expedia.com.my,Bookings,429,149,,GitHub-Actions,elevated
2026-07-06T22:44:15Z,ota-agoda,Agoda,https://www.agoda.com,Bookings,200,260,,GitHub-Actions,elevated
2026-07-06T22:44:15Z,ota-booking,Booking.com,https://www.booking.com,Bookings,202,381,,GitHub-Actions,elevated
2026-07-06T22:44:15Z,cp-cloud,Whizcity Cloud,https://portal.whizcity.my,Car Park,200,724,,GitHub-Actions,slow
2026-07-06T22:44:15Z,finance,Finance,https://finance.sentec.io,Sentec,200,751,,GitHub-Actions,slow
2026-07-06T22:44:15Z,soc-fb,Facebook,https://www.facebook.com,Social,200,157,,GitHub-Actions,elevated
2026-07-06T22:44:15Z,ota-airbnb,Airbnb,https://www.airbnb.com,Bookings,200,308,,GitHub-Actions,elevated
2026-07-06T22:44:15Z,soc-ig,Instagram,https://www.instagram.com,Social,200,185,,GitHub-Actions,elevated
2026-07-06T22:44:15Z,cp-cloud-api,Parking API,https://portal.whizcity.my/discount/app/login,Car Park,405,732,,GitHub-Actions,slow
2026-07-06T22:44:15Z,einv-portal-pp,Portal (Sandbox),https://preprod.myinvois.hasil.gov.my,eInvoice Sandbox,200,981,,GitHub-Actions,slow
2026-07-06T22:44:15Z,soc-wa,WhatsApp Web,https://web.whatsapp.com,Social,200,127,,GitHub-Actions,elevated
2026-07-06T22:44:15Z,einv-id,e-Invoice Identity,https://identity.myinvois.hasil.gov.my,eInvoice Prod,404,991,,GitHub-Actions,slow
2026-07-06T22:44:15Z,einv-id-pp,Identity (Sandbox),https://preprod-identity.myinvois.hasil.gov.my,eInvoice Sandbox,404,1015,,GitHub-Actions,slow
2026-07-06T22:44:15Z,einv-api,e-Invoice API,https://api.myinvois.hasil.gov.my,eInvoice Prod,404,1030,,GitHub-Actions,slow
2026-07-06T22:44:15Z,einv-api-pp,API (Sandbox),https://preprod-api.myinvois.hasil.gov.my,eInvoice Sandbox,404,1039,,GitHub-Actions,slow
2026-07-06T22:44:15Z,einv-portal,e-Invoice Portal,https://myinvois.hasil.gov.my,eInvoice Prod,200,1048,,GitHub-Actions,slow
2026-07-06T22:44:15Z,isp-time,TIME dotCom,https://www.time.com.my,Malaysia,403,89,,GitHub-Actions,fast
2026-07-06T22:44:15Z,soc-ta,TripAdvisor,https://www.tripadvisor.com.my,Social,403,207,,GitHub-Actions,elevated
2026-07-06T22:44:15Z,gl-google,Google,https://www.google.com,Global,200,55,,GitHub-Actions,fast
2026-07-06T22:44:15Z,fnb-grab,GrabFood,https://food.grab.com,F&B,200,359,,GitHub-Actions,elevated
2026-07-06T22:44:15Z,soc-tt,TikTok,https://www.tiktok.com,Social,200,574,,GitHub-Actions,slow
2026-07-06T22:44:15Z,isp-digi,CelcomDigi,https://www.celcomdigi.com,Malaysia,200,400,,GitHub-Actions,elevated
2026-07-06T22:44:15Z,gl-cf,Cloudflare,https://www.cloudflare.com,Global,200,370,,GitHub-Actions,elevated
2026-07-06T22:44:15Z,ota-trip,Trip.com,https://www.trip.com,Bookings,200,1243,,GitHub-Actions,slow
2026-07-06T22:44:15Z,fnb-panda,foodpanda,https://www.foodpanda.my,F&B,200,895,,GitHub-Actions,slow
2026-07-06T22:44:15Z,my-gov,MyGov,https://www.malaysia.gov.my,Malaysia,200,1711,,GitHub-Actions,slow
2026-07-06T22:44:15Z,my-lhdn,LHDN (Hasil),https://www.hasil.gov.my,Malaysia,200,1843,,GitHub-Actions,slow
2026-07-06T22:44:15Z,isp-umob,U Mobile,https://www.u.com.my,Malaysia,200,2164,,GitHub-Actions,slow
2026-07-06T22:44:15Z,isp-maxis,Maxis,https://www.maxis.com.my,Malaysia,200,2287,,GitHub-Actions,slow
2026-07-06T22:44:15Z,isp-tm,TM / Unifi,https://www.unifi.com.my,Malaysia,200,5672,,GitHub-Actions,critical
2026-07-06T22:44:15Z,my-bank,Maybank,https://www.maybank2u.com.my,Malaysia,0,12083,The read operation timed out,GitHub-Actions,critical
